{
    "project_name": "Chemical Production Forecasting System using CSA",
    "author": "Sagnik Patra",
    "algorithm": "Clonal Selection Algorithm Feature Selection",
    "target_column": "2024-25",
    "rows": 96,
    "columns": 12,
    "total_features": 11,
    "selected_features_count": 5,
    "selected_features": [
        "Sub -Groups / Products",
        "2018-19",
        "2019-20",
        "2020-21",
        "2022-23"
    ],
    "csa_best_score": 0.9998339345394106,
    "random_forest": {
        "mae": 10251.926284825433,
        "mse": 534156298.1599847,
        "rmse": 23111.821610595405,
        "r2_score": 0.9989436096091383,
        "accuracy_percentage": 99.89436096091383
    },
    "deep_learning_h5": {
        "mae": 231461.87734375,
        "mse": 91431171042.64455,
        "rmse": 302375.8770845395,
        "r2_score": 0.8191783737318188,
        "accuracy_percentage": 81.91783737318188
    }
}